{"endLetters": {"a": 0.131699386017128, "c": 0.00870149103268175, "b": 0.00145214870002688, "e": 0.195056573793156, "d": 0.0153612729943546, "g": 0.0010798105726026299, "f": 0.000680769710818388, "i": 0.140890227159261, "h": 0.0263348966934214, "k": 0.0282268904335804, "j": 0.00414642459387841, "m": 0.0510496274818541, "l": 0.0293382042321134, "o": 0.0866794759783402, "n": 0.0169175323553132, "q": 3.9904086178424697e-05, "p": 0.00196790151311494, "s": 0.0191947655439917, "r": 0.00840986116978379, "u": 0.07664584853489, "t": 0.041592059026844305, "w": 0.000455146607012558, "v": 0.0215302046929606, "y": 0.06837520162064599, "x": 0.00041374236721840297, "z": 0.0237606330888283}, "startLetters": {"a": 0.055521585410346, "c": 0.0342761098736511, "b": 0.032629841295748696, "e": 0.00571498521448596, "d": 0.0487600930335266, "g": 0.00277348400476209, "f": 0.007251142516993741, "i": 0.0118338117823265, "h": 0.017702712757786402, "k": 0.0493622546948808, "j": 0.0619623449441223, "m": 0.049720191347594, "l": 0.0156379013210953, "o": 0.0390054941626023, "n": 0.0919336140020738, "q": 6.6006759092131e-05, "p": 0.11168793684473301, "s": 0.104998451841469, "r": 0.027261091535773302, "u": 0.022236777045969502, "t": 0.0620676557279465, "w": 0.00137384068128576, "v": 0.0767340575674949, "y": 0.000199520430892123, "x": 0.00021572208994200998, "z": 0.0690733731134068}, "letters": {"a": 0.09130142903232868, "c": 0.0338603266509857, "b": 0.0166866160286309, "e": 0.10873934614210899, "d": 0.0373919213723343, "g": 0.00281756686513166, "f": 0.0028882415226384, "i": 0.0735049377199084, "h": 0.0219601127951353, "k": 0.037901206537180404, "j": 0.022321865334785498, "m": 0.0340248489321972, "l": 0.0432276948498285, "o": 0.08125840417316811, "n": 0.0653085844513326, "q": 4.76750551455918e-05, "p": 0.033085852603638805, "s": 0.0531737515362203, "r": 0.0461570236018105, "u": 0.0377544251552777, "t": 0.056590117093980596, "w": 0.000620584748131528, "v": 0.0405733789311045, "y": 0.026551018347846102, "x": 0.000694379954702341, "z": 0.0315586905644478}}